sample,n_nets,perfil,t_p1,t_p2,t_p3,total_t,mem_p1_kb,mem_p2_kb,mem_p3_kb,mem_total_kb,n_attractors,n_pairs,n_fields
1,10,seq,0.881195,0.001792,1.173901,2.056889,188.617188,10.939453,526.757812,526.757812,40,80,1024
1,10,par,0.403420,0.036563,0.819538,1.259521,564.797852,50.823242,2417.691406,2417.691406,40,80,1024
1,10,weights,0.435099,0.045219,0.861178,1.341496,195.546875,40.404297,1218.661133,1218.661133,40,80,1024
1,10,cpp_seq,0.010382,0.001043,0.060520,0.072002,50.531250,1.890625,129.765625,182.187500,40,80,1024
1,10,cpp_par,0.006621,0.000052,0.047290,0.057712,57.921875,1.750000,128.484375,188.156250,40,80,1024
1,10,cpp_adv,0.002811,0.000049,0.045324,0.048241,37.812500,1.750000,128.687500,168.250000,40,80,1024
2,10,seq,1.458749,0.001238,0.000322,1.460309,219.855469,7.399414,5.678711,219.855469,20,2,0
2,10,par,0.587661,0.037810,0.029218,0.654689,240.895508,37.322266,31.005859,240.895508,20,2,0
2,10,weights,0.583569,0.031188,0.000723,0.615481,241.992188,38.103516,6.083008,241.992188,20,2,0
2,10,cpp_seq,0.008688,0.000080,0.000021,0.008800,66.640625,1.250000,0.000000,67.890625,20,2,0
2,10,cpp_par,0.003854,0.000039,0.000018,0.003939,70.750000,1.250000,0.000000,72.000000,20,2,0
2,10,cpp_adv,0.005896,0.000040,0.000022,0.005995,28.171875,1.250000,0.000000,29.421875,20,2,0
3,10,seq,1.590272,0.001264,0.001534,1.593070,228.094727,7.900391,13.528320,228.094727,20,20,1
3,10,par,0.687860,0.032671,0.259311,0.979842,234.182617,37.896484,41.256836,234.182617,20,20,1
3,10,weights,0.628490,0.045276,0.272758,0.946523,234.527344,37.469727,40.866211,234.527344,20,20,1
3,10,cpp_seq,0.014280,0.000076,0.000138,0.014504,78.656250,1.562500,0.609375,80.828125,20,20,1
3,10,cpp_par,0.006989,0.000047,0.000361,0.007415,82.203125,1.468750,0.765625,84.437500,20,20,1
3,10,cpp_adv,0.006502,0.000042,0.000136,0.006702,31.515625,1.468750,0.781250,33.765625,20,20,1
4,10,seq,0.830024,0.001439,0.002971,0.834434,204.891602,7.884766,23.700195,204.891602,30,32,1
4,10,par,0.411522,0.035925,0.252734,0.700181,233.477539,37.223633,41.299805,233.477539,30,32,1
4,10,weights,0.539608,0.038699,0.270109,0.848416,235.278320,39.215820,42.690430,235.278320,30,32,1
4,10,cpp_seq,0.003886,0.000081,0.000218,0.004195,51.921875,1.375000,0.781250,54.078125,30,32,1
4,10,cpp_par,0.002381,0.000046,0.000248,0.002698,59.609375,1.250000,0.921875,61.781250,30,32,1
4,10,cpp_adv,0.001990,0.000043,0.000214,0.002268,25.468750,1.250000,0.781250,27.500000,30,32,1
5,10,seq,1.959882,0.001621,1.199458,3.160960,248.011719,8.587891,532.070312,532.070312,40,80,1024
5,10,par,0.753397,0.032553,0.782045,1.567995,247.212891,40.559570,2414.510742,2414.510742,40,80,1024
5,10,weights,0.774909,0.037415,0.863070,1.675394,246.531250,39.801758,1253.764648,1253.764648,40,80,1024
5,10,cpp_seq,0.008338,0.000091,0.049359,0.057868,52.640625,1.703125,130.031250,184.375000,40,80,1024
5,10,cpp_par,0.007269,0.000049,0.045223,0.055970,61.156250,1.656250,128.671875,191.484375,40,80,1024
5,10,cpp_adv,0.004395,0.000052,0.047499,0.052007,38.312500,1.593750,128.734375,168.640625,40,80,1024
6,10,seq,1.188356,0.001289,0.000918,1.190563,236.180664,7.791016,8.184570,236.180664,20,10,1
6,10,par,0.483096,0.028877,0.224285,0.736258,243.552734,38.796875,41.049805,243.552734,20,10,1
6,10,weights,0.477685,0.038360,0.228388,0.744433,243.282227,37.626953,40.940430,243.282227,20,10,1
6,10,cpp_seq,0.009046,0.000072,0.000082,0.009211,74.375000,1.468750,0.468750,76.312500,20,10,1
6,10,cpp_par,0.005122,0.000041,0.000082,0.005269,72.156250,1.250000,0.531250,73.937500,20,10,1
6,10,cpp_adv,0.004732,0.000147,0.000082,0.004981,29.656250,1.250000,0.593750,31.500000,20,10,1
7,10,seq,1.079162,0.001311,0.000890,1.081364,203.095703,7.791016,8.739258,203.095703,20,18,0
7,10,par,0.441824,0.033590,0.102167,0.577581,228.872070,37.687500,39.956055,228.872070,20,18,0
7,10,weights,0.462960,0.033665,0.107397,0.604022,230.281250,37.311523,39.807617,230.281250,20,18,0
7,10,cpp_seq,0.005609,0.000074,0.000060,0.005752,62.468750,1.468750,0.562500,64.500000,20,18,0
7,10,cpp_par,0.003213,0.000042,0.000060,0.003352,66.656250,1.250000,0.609375,68.515625,20,18,0
7,10,cpp_adv,0.003314,0.000042,0.000062,0.003465,26.203125,1.250000,0.625000,28.078125,20,18,0
8,10,seq,0.906763,0.001523,1.087701,1.995987,155.898438,8.587891,520.945312,520.945312,40,80,1024
8,10,par,0.373740,0.036124,0.899628,1.309493,190.353516,40.395508,1861.089844,1861.089844,40,80,1024
8,10,weights,0.418205,0.036938,0.923446,1.378589,192.635742,41.145508,1462.540039,1462.540039,40,80,1024
8,10,cpp_seq,0.006451,0.000096,0.055549,0.062150,56.687500,1.937500,129.671875,188.296875,40,80,1024
8,10,cpp_par,0.006752,0.000092,0.050590,0.061108,59.843750,1.953125,128.484375,190.281250,40,80,1024
8,10,cpp_adv,0.003196,0.000050,0.047272,0.050576,33.468750,1.968750,128.421875,163.859375,40,80,1024
9,10,seq,0.826312,0.001421,0.081763,0.909496,179.628906,8.212891,118.545898,179.628906,30,48,108
9,10,par,1.224549,0.037294,0.360649,1.622492,203.856445,38.427734,117.432617,203.856445,30,48,108
9,10,weights,0.488717,0.038106,0.382623,0.909446,206.518555,38.974609,110.600586,206.518555,30,48,108
9,10,cpp_seq,0.006945,0.000112,0.006389,0.013459,56.171875,1.703125,15.343750,73.218750,30,48,108
9,10,cpp_par,0.003764,0.001694,0.004306,0.010030,56.093750,1.406250,13.843750,71.343750,30,48,108
9,10,cpp_adv,0.003360,0.000047,0.004036,0.007455,30.812500,1.312500,14.093750,46.218750,30,48,108
10,10,seq,2.056459,0.001490,1.535299,3.593248,230.226562,8.587891,515.156250,515.156250,40,80,1024
10,10,par,1.527026,0.057721,1.881955,3.466702,246.428711,38.962891,1803.144531,1803.144531,40,80,1024
10,10,weights,1.311872,0.065006,1.439928,2.816807,247.103516,40.384766,1469.590820,1469.590820,40,80,1024
10,10,cpp_seq,0.019303,0.000097,0.058005,0.077451,79.484375,2.031250,129.312500,210.828125,40,80,1024
10,10,cpp_par,0.009570,0.000053,0.050250,0.063366,78.656250,1.968750,128.468750,209.093750,40,80,1024
10,10,cpp_adv,0.006128,0.000053,0.102602,0.108856,40.562500,1.906250,128.609375,171.078125,40,80,1024
11,10,seq,0.747637,0.001555,0.014133,0.763324,180.595703,8.306641,63.031250,180.595703,30,42,5
11,10,par,0.559011,0.036546,0.370841,0.966398,194.402344,38.322266,49.557617,194.402344,30,42,5
11,10,weights,0.498542,0.047381,0.323359,0.869282,193.123047,39.658203,50.350586,193.123047,30,42,5
11,10,cpp_seq,0.012531,0.000085,0.000842,0.013469,64.609375,1.562500,2.250000,68.421875,30,42,5
11,10,cpp_par,0.005771,0.000051,0.000994,0.006846,75.421875,1.718750,1.250000,78.390625,30,42,5
11,10,cpp_adv,0.003906,0.000069,0.000833,0.004841,32.156250,1.750000,1.046875,34.953125,30,42,5
12,10,seq,0.875358,0.002336,0.684019,1.561714,181.418945,8.556641,317.359375,317.359375,40,76,576
12,10,par,0.415804,0.036215,0.743220,1.195238,191.888672,39.734375,884.823242,884.823242,40,76,576
12,10,weights,0.463826,0.045166,0.936647,1.445639,189.758789,40.809570,652.261719,652.261719,40,76,576
12,10,cpp_seq,0.015962,0.000095,0.036675,0.052769,57.000000,1.703125,73.515625,132.218750,40,76,576
12,10,cpp_par,0.005250,0.000057,0.042188,0.050591,53.390625,1.859375,72.281250,127.531250,40,76,576
12,10,cpp_adv,0.002991,0.000054,0.026805,0.029895,33.171875,1.906250,72.343750,107.421875,40,76,576
13,10,seq,0.985679,0.001560,0.015757,1.002996,206.325195,8.431641,56.340820,206.325195,40,50,2
13,10,par,0.595655,0.033672,0.330636,0.959962,236.068359,38.751953,46.784180,236.068359,40,50,2
13,10,weights,0.471314,0.038150,0.296896,0.806361,237.127930,38.238281,47.108398,237.127930,40,50,2
13,10,cpp_seq,0.007608,0.000093,0.000607,0.008317,84.031250,1.796875,1.031250,86.859375,40,50,2
13,10,cpp_par,0.003989,0.000049,0.000627,0.004692,77.312500,1.593750,0.625000,79.531250,40,50,2
13,10,cpp_adv,0.003919,0.000049,0.000621,0.004622,39.687500,1.562500,0.718750,41.968750,40,50,2
14,10,seq,0.695300,0.001937,0.055559,0.752796,146.291992,8.353516,83.828125,146.291992,30,45,33
14,10,par,0.410295,0.034085,0.316128,0.760508,180.248047,39.300781,77.467773,180.248047,30,45,33
14,10,weights,0.374962,0.045254,0.339196,0.759412,182.091797,38.904297,64.983398,182.091797,30,45,33
14,10,cpp_seq,0.009114,0.000085,0.002510,0.011720,70.515625,1.734375,5.531250,77.781250,30,45,33
14,10,cpp_par,0.004099,0.000050,0.002404,0.006643,69.656250,1.750000,4.625000,76.031250,30,45,33
14,10,cpp_adv,0.008442,0.000117,0.002390,0.010973,41.703125,1.718750,4.687500,48.109375,30,45,33
15,10,seq,1.118076,0.001426,0.000888,1.120390,208.435547,7.618164,5.678711,208.435547,20,6,0
15,10,par,0.866058,0.053780,0.031234,0.951072,231.538086,37.639648,32.140625,231.538086,20,6,0
15,10,weights,0.810273,0.049761,0.000732,0.860766,232.141602,37.452148,6.083008,232.141602,20,6,0
15,10,cpp_seq,0.015080,0.000074,0.000021,0.015184,69.578125,1.468750,0.000000,71.046875,20,6,0
15,10,cpp_par,0.005126,0.000041,0.000020,0.005300,75.500000,1.250000,0.000000,76.750000,20,6,0
15,10,cpp_adv,0.004679,0.000041,0.000019,0.004769,29.703125,1.250000,0.000000,30.953125,20,6,0
16,10,seq,1.521297,0.001295,0.000330,1.522922,202.130859,7.900391,5.678711,202.130859,20,12,0
16,10,par,0.678892,0.041172,0.035309,0.755373,228.597656,38.060547,31.890625,228.597656,20,12,0
16,10,weights,0.650132,0.040126,0.000837,0.691095,240.158203,42.668945,6.098633,240.158203,20,12,0
16,10,cpp_seq,0.006642,0.000079,0.000026,0.006758,69.484375,1.375000,0.234375,71.093750,20,12,0
16,10,cpp_par,0.004646,0.000047,0.000026,0.004751,71.765625,1.171875,0.125000,73.062500,20,12,0
16,10,cpp_adv,0.002947,0.000042,0.000024,0.003044,24.000000,1.187500,0.062500,25.250000,20,12,0
17,10,seq,1.161515,0.001853,0.628137,1.791504,196.797852,9.798828,266.945312,266.945312,40,74,432
17,10,par,0.667163,0.045953,0.735502,1.448618,217.010742,40.469727,1039.057617,1039.057617,40,74,432
17,10,weights,1.074149,0.042749,0.602233,1.719131,218.583984,39.148438,477.431641,477.431641,40,74,432
17,10,cpp_seq,0.005593,0.000094,0.023393,0.029108,49.609375,1.703125,56.046875,107.359375,40,74,432
17,10,cpp_par,0.005037,0.000054,0.024185,0.031331,58.984375,1.437500,54.546875,114.968750,40,74,432
17,10,cpp_adv,0.002586,0.000052,0.024794,0.027476,37.500000,1.437500,54.578125,93.515625,40,74,432
18,10,seq,2.187531,0.002091,0.001771,2.191393,229.252930,7.791016,13.528320,229.252930,20,20,1
18,10,par,1.180298,0.046311,0.331788,1.558398,236.002930,36.979492,41.932617,236.002930,20,20,1
18,10,weights,1.089800,0.034659,0.283683,1.408142,236.569336,39.826172,41.375977,236.569336,20,20,1
18,10,cpp_seq,0.012240,0.000078,0.000139,0.012467,71.312500,1.375000,0.687500,73.375000,20,20,1
18,10,cpp_par,0.008825,0.000048,0.000143,0.009033,72.671875,1.250000,0.828125,74.750000,20,20,1
18,10,cpp_adv,0.005322,0.000043,0.000137,0.005525,28.687500,1.250000,0.828125,30.765625,20,20,1
19,10,seq,2.056739,0.001242,0.000319,2.058299,234.116211,7.493164,5.678711,234.116211,20,4,0
19,10,par,0.822957,0.046298,0.028321,0.897576,239.246094,38.111328,31.737305,239.246094,20,4,0
19,10,weights,0.875695,0.034171,0.000727,0.910592,240.178711,37.205078,6.083008,240.178711,20,4,0
19,10,cpp_seq,0.010341,0.000136,0.000023,0.010511,76.000000,1.250000,0.000000,77.250000,20,4,0
19,10,cpp_par,0.005174,0.000045,0.000022,0.005269,78.203125,1.250000,0.000000,79.453125,20,4,0
19,10,cpp_adv,0.005026,0.000042,0.000020,0.005170,33.640625,1.250000,0.000000,34.890625,20,4,0
20,10,seq,1.181978,0.001525,0.016396,1.199900,206.382812,8.431641,56.340820,206.382812,40,50,2
20,10,par,0.449841,0.034073,0.354780,0.838695,235.386719,40.083008,46.829102,235.386719,40,50,2
20,10,weights,0.460064,0.038399,0.347746,0.846209,237.264648,40.333008,47.681641,237.264648,40,50,2
20,10,cpp_seq,0.011162,0.000091,0.000703,0.011977,84.062500,1.796875,1.031250,86.890625,40,50,2
20,10,cpp_par,0.005810,0.000053,0.000664,0.006572,75.828125,1.593750,0.703125,78.125000,40,50,2
20,10,cpp_adv,0.003885,0.000074,0.000634,0.004611,45.218750,1.562500,0.718750,47.500000,40,50,2
21,10,seq,3.412401,0.001366,0.003838,3.417604,254.984375,7.916016,29.293945,254.984375,30,36,1
21,10,par,0.937942,0.039508,0.284879,1.262329,247.392578,38.486328,42.766602,247.392578,30,36,1
21,10,weights,1.065036,0.048424,0.294600,1.408060,249.937500,37.523438,42.954102,249.937500,30,36,1
21,10,cpp_seq,0.021059,0.000083,0.000667,0.021821,80.859375,1.578125,0.765625,83.203125,30,36,1
21,10,cpp_par,0.012734,0.000052,0.000246,0.013056,85.859375,1.250000,0.796875,87.906250,30,36,1
21,10,cpp_adv,0.012012,0.000052,0.000271,0.012368,31.781250,1.250000,0.968750,34.000000,30,36,1
22,10,seq,2.683974,0.001806,0.503293,3.189073,262.816406,8.525391,254.375000,262.816406,40,72,432
22,10,par,1.068623,0.043818,0.722795,1.835236,248.765625,40.300781,811.443359,811.443359,40,72,432
22,10,weights,1.083756,0.050797,0.596338,1.730891,250.818359,40.523438,528.282227,528.282227,40,72,432
22,10,cpp_seq,0.009472,0.000094,0.025648,0.035242,61.937500,1.562500,56.109375,119.609375,40,72,432
22,10,cpp_par,0.007121,0.000056,0.021590,0.029906,69.609375,1.234375,54.625000,125.468750,40,72,432
22,10,cpp_adv,0.004950,0.000052,0.021363,0.026406,37.343750,1.187500,54.593750,93.125000,40,72,432
23,10,seq,1.388865,0.001600,1.175347,2.565812,167.497070,8.587891,530.500000,530.500000,40,80,1024
23,10,par,0.676505,0.041933,0.897321,1.615759,195.170898,40.120117,2045.288086,2045.288086,40,80,1024
23,10,weights,0.581740,0.040179,1.062443,1.684362,195.712891,39.375977,1587.602539,1587.602539,40,80,1024
23,10,cpp_seq,0.017291,0.000095,0.055312,0.072755,83.671875,2.093750,129.156250,214.921875,40,80,1024
23,10,cpp_par,0.011632,0.000079,0.050594,0.066390,82.843750,1.890625,128.296875,213.031250,40,80,1024
23,10,cpp_adv,0.007542,0.000051,0.048722,0.056380,48.062500,1.906250,128.359375,178.328125,40,80,1024
24,10,seq,0.751089,0.001492,1.173545,1.926126,146.365234,8.603516,529.054688,529.054688,40,80,1024
24,10,par,0.446763,0.036146,0.936338,1.419247,179.109375,39.705078,1939.856445,1939.856445,40,80,1024
24,10,weights,0.399403,0.049101,0.999228,1.447732,181.455078,41.049805,1222.671875,1222.671875,40,80,1024
24,10,cpp_seq,0.005083,0.000092,0.051266,0.056485,52.484375,1.750000,130.312500,184.546875,40,80,1024
24,10,cpp_par,0.007985,0.000053,0.047989,0.060625,60.359375,1.234375,128.875000,190.468750,40,80,1024
24,10,cpp_adv,0.003024,0.000144,0.048062,0.051292,32.546875,1.265625,128.781250,162.593750,40,80,1024
25,10,seq,0.779533,0.001595,10.643523,11.424651,150.540039,8.916992,2864.867188,2864.867188,50,120,6132
25,10,par,0.436102,0.047261,5.521189,6.004552,184.891602,41.550781,12786.610352,12786.610352,50,120,6132
25,10,weights,0.436638,0.053808,4.632926,5.123372,186.426758,42.218750,8954.991211,8954.991211,50,120,6132
25,10,cpp_seq,0.006327,0.000112,0.328592,0.335102,62.906250,2.500000,768.125000,833.531250,50,120,6132
25,10,cpp_par,0.003365,0.000058,0.327170,0.330821,62.093750,2.062500,766.875000,831.031250,50,120,6132
25,10,cpp_adv,0.002763,0.000083,0.327766,0.330665,33.812500,1.984375,766.953125,802.750000,50,120,6132
26,10,seq,2.296399,0.001600,9.204617,11.502616,173.109375,8.916992,2275.664062,2275.664062,50,117,4865
26,10,par,1.092966,0.036928,4.716360,5.846255,196.508789,41.266602,10294.629883,10294.629883,50,117,4865
26,10,weights,0.916121,0.074594,3.824049,4.814764,198.316406,42.562500,7237.624023,7237.624023,50,117,4865
26,10,cpp_seq,0.029898,0.000136,0.253493,0.283565,102.656250,2.359375,609.343750,714.359375,50,117,4865
26,10,cpp_par,0.012646,0.000059,0.257755,0.270634,99.562500,2.546875,608.125000,710.234375,50,117,4865
26,10,cpp_adv,0.011122,0.000056,0.256016,0.267375,39.765625,2.500000,608.187500,650.453125,50,117,4865
27,10,seq,0.963916,0.001510,0.000442,0.965868,204.315430,7.587891,5.678711,204.315430,30,12,0
27,10,par,0.611748,0.053609,0.035763,0.701120,238.293945,37.019531,31.893555,238.293945,30,12,0
27,10,weights,1.021189,0.051175,0.000747,1.073110,237.325195,39.468750,6.083008,237.325195,30,12,0
27,10,cpp_seq,0.008604,0.000079,0.000023,0.008720,75.953125,1.093750,0.078125,77.125000,30,12,0
27,10,cpp_par,0.003373,0.000045,0.000021,0.003540,69.671875,1.250000,0.000000,70.921875,30,12,0
27,10,cpp_adv,0.003402,0.000044,0.000022,0.003530,34.593750,1.250000,0.000000,35.843750,30,12,0
28,10,seq,1.970179,0.001424,0.001708,1.973310,199.752930,7.994141,13.528320,199.752930,20,20,1
28,10,par,0.501009,0.054135,0.353038,0.908181,220.152344,38.125000,41.227539,220.152344,20,20,1
28,10,weights,0.620478,0.050115,0.391915,1.062508,222.289062,38.444336,42.211914,222.289062,20,20,1
28,10,cpp_seq,0.013116,0.000101,0.000140,0.013367,66.546875,1.406250,0.796875,68.750000,20,20,1
28,10,cpp_par,0.005600,0.000048,0.000141,0.005809,72.937500,1.687500,0.609375,75.234375,20,20,1
28,10,cpp_adv,0.004380,0.000041,0.000135,0.004566,40.656250,1.687500,0.703125,43.046875,20,20,1
29,10,seq,2.056802,0.001350,0.000319,2.058471,235.730469,7.399414,5.678711,235.730469,30,2,0
29,10,par,0.855320,0.040488,0.036603,0.932411,249.049805,37.204102,32.143555,249.049805,30,2,0
29,10,weights,1.349507,0.039881,0.000741,1.390129,250.244141,38.057617,6.083008,250.244141,30,2,0
29,10,cpp_seq,0.015225,0.000076,0.000021,0.015332,80.015625,1.250000,0.000000,81.265625,30,2,0
29,10,cpp_par,0.005459,0.000043,0.000020,0.005556,81.968750,1.250000,0.000000,83.218750,30,2,0
29,10,cpp_adv,0.005390,0.000066,0.000021,0.005516,36.078125,1.250000,0.000000,37.328125,30,2,0
30,10,seq,1.593469,0.001402,0.001646,1.596516,205.904297,7.853516,13.528320,205.904297,20,20,1
30,10,par,0.568253,0.059969,0.422971,1.051193,224.294922,39.048828,41.516602,224.294922,20,20,1
30,10,weights,0.636310,0.044877,0.373974,1.055162,225.602539,38.125977,41.743164,225.602539,20,20,1
30,10,cpp_seq,0.006649,0.000078,0.000139,0.006879,65.671875,1.375000,0.734375,67.781250,20,20,1
30,10,cpp_par,0.003896,0.000076,0.000141,0.004138,65.406250,1.468750,0.734375,67.609375,20,20,1
30,10,cpp_adv,0.003260,0.000042,0.000136,0.003456,27.187500,1.468750,0.828125,29.484375,20,20,1
31,10,seq,2.815310,0.001636,1.323755,4.140702,225.711914,8.587891,537.640625,537.640625,40,80,1024
31,10,par,1.045830,0.044337,1.145896,2.236063,219.781250,40.277344,2416.832031,2416.832031,40,80,1024
31,10,weights,0.756067,0.054234,1.013667,1.823968,221.138672,40.150391,1259.344727,1259.344727,40,80,1024
31,10,cpp_seq,0.012840,0.000093,0.055591,0.068571,51.203125,1.750000,129.984375,182.937500,40,80,1024
31,10,cpp_par,0.009115,0.000052,0.048537,0.061437,59.812500,1.906250,128.375000,190.093750,40,80,1024
31,10,cpp_adv,0.004380,0.000050,0.051377,0.055873,29.921875,1.906250,128.406250,160.234375,40,80,1024
32,10,seq,0.907468,0.001333,0.000815,0.909616,197.312500,7.446289,6.129883,197.312500,20,3,0
32,10,par,0.812826,0.096893,0.140471,1.050190,225.362305,36.712891,36.844727,225.362305,20,3,0
32,10,weights,1.108478,0.062522,0.105370,1.276370,228.773438,37.178711,38.336914,228.773438,20,3,0
32,10,cpp_seq,0.013950,0.000075,0.000033,0.014069,61.406250,1.171875,0.281250,62.859375,20,3,0
32,10,cpp_par,0.012908,0.000050,0.000036,0.013049,65.375000,1.250000,0.250000,66.875000,20,3,0
32,10,cpp_adv,0.004643,0.000046,0.000036,0.004763,30.859375,1.250000,0.203125,32.312500,20,3,0
33,10,seq,2.522773,0.004447,1.451010,3.978230,254.921875,8.603516,530.156250,530.156250,40,80,1024
33,10,par,1.121205,0.080565,1.397885,2.599656,223.115234,38.495117,2114.768555,2114.768555,40,80,1024
33,10,weights,0.863248,0.060171,1.204223,2.127642,226.170898,39.761719,1414.559570,1414.559570,40,80,1024
33,10,cpp_seq,0.018831,0.000097,0.049379,0.068351,84.109375,1.718750,130.062500,215.890625,40,80,1024
33,10,cpp_par,0.012597,0.000054,0.051126,0.067615,82.015625,1.437500,128.562500,212.015625,40,80,1024
33,10,cpp_adv,0.008332,0.000050,0.050255,0.058701,44.265625,1.718750,128.562500,174.546875,40,80,1024
34,10,seq,1.097183,0.001643,0.008962,1.107788,200.510742,8.275391,48.359375,200.510742,30,40,2
34,10,par,0.548589,0.063248,0.407759,1.019596,209.790039,39.050781,46.844727,209.790039,30,40,2
34,10,weights,0.655350,0.052467,0.491118,1.198936,204.849609,39.070312,44.891602,204.849609,30,40,2
34,10,cpp_seq,0.016144,0.000085,0.000538,0.016779,56.968750,1.593750,1.437500,60.000000,30,40,2
34,10,cpp_par,0.013769,0.000130,0.000530,0.014457,56.718750,1.359375,0.984375,59.062500,30,40,2
34,10,cpp_adv,0.003775,0.000051,0.000518,0.004390,29.203125,1.328125,0.875000,31.406250,30,40,2
35,10,seq,1.645831,0.001429,0.002884,1.650145,226.495117,7.493164,8.340820,226.495117,20,8,0
35,10,par,0.864314,0.046766,0.170049,1.081129,241.955078,36.859375,39.805664,241.955078,20,8,0
35,10,weights,0.703546,0.051235,0.165376,0.920156,243.117188,37.429688,39.782227,243.117188,20,8,0
35,10,cpp_seq,0.015657,0.000079,0.000063,0.015809,81.093750,1.250000,0.562500,82.906250,20,8,0
35,10,cpp_par,0.007047,0.000090,0.000062,0.007232,79.906250,1.250000,0.562500,81.718750,20,8,0
35,10,cpp_adv,0.006685,0.000044,0.000058,0.006818,35.531250,1.250000,0.656250,37.437500,20,8,0
36,10,seq,0.721281,0.001747,1.320766,2.043794,143.577148,8.587891,513.406250,513.406250,40,80,1024
36,10,par,0.409238,0.049591,1.038634,1.497463,177.706055,38.685547,1817.921875,1817.921875,40,80,1024
36,10,weights,0.360219,0.053684,1.168894,1.582798,180.083008,39.817383,1603.094727,1603.094727,40,80,1024
36,10,cpp_seq,0.004590,0.000092,0.058453,0.063179,56.734375,1.750000,129.984375,188.468750,40,80,1024
36,10,cpp_par,0.006079,0.000109,0.049092,0.058985,54.000000,1.281250,128.687500,183.968750,40,80,1024
36,10,cpp_adv,0.002446,0.000090,0.047690,0.050285,34.312500,1.468750,128.609375,164.390625,40,80,1024
37,10,seq,1.031550,0.001387,0.000349,1.033285,203.970703,7.493164,5.678711,203.970703,20,4,0
37,10,par,0.506517,0.044390,0.035153,0.586060,231.519531,37.877930,31.666992,231.519531,20,4,0
37,10,weights,0.506597,0.052166,0.000754,0.559517,234.183594,38.303711,6.090820,234.183594,20,4,0
37,10,cpp_seq,0.014332,0.000075,0.000026,0.014443,77.296875,1.250000,0.062500,78.609375,20,4,0
37,10,cpp_par,0.005510,0.000046,0.000027,0.005611,79.562500,1.250000,0.062500,80.875000,20,4,0
37,10,cpp_adv,0.009223,0.000046,0.000026,0.009359,29.953125,1.250000,0.000000,31.203125,20,4,0
38,10,seq,2.375214,0.001746,1.279060,3.656019,256.610352,8.587891,528.445312,528.445312,40,80,1024
38,10,par,0.975751,0.055164,1.475075,2.505990,244.951172,38.524414,1846.844727,1846.844727,40,80,1024
38,10,weights,0.868916,0.047553,1.044401,1.960870,246.866211,40.042969,1459.369141,1459.369141,40,80,1024
38,10,cpp_seq,0.020992,0.000097,0.050753,0.071909,87.437500,1.890625,129.062500,218.390625,40,80,1024
38,10,cpp_par,0.011001,0.000063,0.048970,0.063357,86.750000,1.437500,128.671875,216.859375,40,80,1024
38,10,cpp_adv,0.009970,0.000056,0.047949,0.058046,46.812500,1.375000,128.687500,176.875000,40,80,1024
39,10,seq,1.284006,0.001287,0.000944,1.286237,230.432617,7.791016,8.184570,230.432617,20,10,1
39,10,par,0.717878,0.040283,0.364999,1.123160,238.765625,37.742188,39.946289,238.765625,20,10,1
39,10,weights,0.644110,0.051894,0.353898,1.049901,240.931641,38.648438,40.961914,240.931641,20,10,1
39,10,cpp_seq,0.012946,0.000075,0.000081,0.013131,78.890625,1.468750,0.468750,80.828125,20,10,1
39,10,cpp_par,0.006552,0.000117,0.000086,0.006813,74.281250,1.250000,0.531250,76.062500,20,10,1
39,10,cpp_adv,0.007899,0.000047,0.000190,0.008168,32.921875,1.250000,0.593750,34.765625,20,10,1
40,10,seq,1.253896,0.001375,0.000648,1.255919,208.603516,7.680664,5.887695,208.603516,20,8,0
40,10,par,0.536577,0.039879,0.038961,0.615418,232.267578,37.870117,32.081055,232.267578,20,8,0
40,10,weights,0.570841,0.051593,0.047382,0.669816,234.802734,38.299805,32.323242,234.802734,20,8,0
40,10,cpp_seq,0.011975,0.000073,0.000026,0.012084,76.750000,1.468750,0.187500,78.406250,20,8,0
40,10,cpp_par,0.005585,0.000045,0.000027,0.005686,73.984375,1.250000,0.375000,75.609375,20,8,0
40,10,cpp_adv,0.004935,0.000068,0.000026,0.005061,28.281250,1.250000,0.328125,29.859375,20,8,0
41,10,seq,1.303709,0.001349,0.001563,1.306621,206.504883,7.791016,13.528320,206.504883,20,20,1
41,10,par,0.623489,0.047103,0.354887,1.025478,231.789062,38.507812,41.844727,231.789062,20,20,1
41,10,weights,0.589849,0.048551,0.358063,0.996463,234.759766,38.857422,40.790039,234.759766,20,20,1
41,10,cpp_seq,0.006726,0.000094,0.000163,0.006993,68.203125,1.468750,0.671875,70.343750,20,20,1
41,10,cpp_par,0.007289,0.000050,0.000147,0.007515,75.484375,1.250000,0.687500,77.421875,20,20,1
41,10,cpp_adv,0.003512,0.000044,0.000173,0.003750,25.968750,1.250000,0.828125,28.046875,20,20,1
42,10,seq,1.302431,0.001272,0.000965,1.304668,231.074219,7.884766,8.637695,231.074219,20,12,1
42,10,par,0.655080,0.058148,0.344632,1.057860,235.461914,38.895508,41.196289,235.461914,20,12,1
42,10,weights,0.721724,0.048860,0.357174,1.127757,236.664062,39.044922,41.180664,236.664062,20,12,1
42,10,cpp_seq,0.016441,0.000076,0.000086,0.016615,70.484375,1.656250,0.468750,72.609375,20,12,1
42,10,cpp_par,0.005926,0.000044,0.000156,0.006147,74.750000,1.437500,0.531250,76.718750,20,12,1
42,10,cpp_adv,0.005523,0.000042,0.000085,0.005675,30.203125,1.406250,0.515625,32.125000,20,12,1
43,10,seq,1.156325,0.001347,0.001743,1.159415,205.852539,7.853516,13.528320,205.852539,20,20,1
43,10,par,0.531434,0.046624,0.348832,0.926890,225.417969,39.874023,41.383789,225.417969,20,20,1
43,10,weights,0.531833,0.048521,0.363706,0.944059,226.602539,37.751953,41.907227,226.602539,20,20,1
43,10,cpp_seq,0.007897,0.000078,0.000139,0.008123,61.484375,1.468750,0.718750,63.671875,20,20,1
43,10,cpp_par,0.003582,0.000044,0.000139,0.003784,66.734375,1.468750,0.734375,68.937500,20,20,1
43,10,cpp_adv,0.006032,0.000079,0.000303,0.006452,24.421875,1.468750,0.828125,26.718750,20,20,1
44,10,seq,1.458453,0.001488,0.150035,1.609976,210.651367,8.197266,146.039062,210.651367,30,50,192
44,10,par,0.814749,0.054121,0.530492,1.399363,222.319336,38.582031,278.701172,278.701172,30,50,192
44,10,weights,0.705539,0.044049,0.493312,1.242901,222.655273,40.092773,189.705078,222.655273,30,50,192
44,10,cpp_seq,0.007837,0.000086,0.013504,0.021443,53.890625,1.703125,25.859375,81.453125,30,50,192
44,10,cpp_par,0.005170,0.000054,0.009730,0.015201,62.656250,1.359375,24.562500,88.578125,30,50,192
44,10,cpp_adv,0.003915,0.000067,0.010386,0.014399,28.796875,1.109375,24.578125,54.484375,30,50,192
45,10,seq,1.152857,0.001471,0.041285,1.195613,216.855469,8.353516,77.664062,216.855469,30,45,33
45,10,par,0.500464,0.059396,0.411719,0.971579,229.845703,38.656250,66.173828,229.845703,30,45,33
45,10,weights,0.533549,0.050477,0.561695,1.145721,233.138672,39.308594,56.705078,233.138672,30,45,33
45,10,cpp_seq,0.012833,0.000121,0.001975,0.014943,70.031250,1.734375,6.093750,77.859375,30,45,33
45,10,cpp_par,0.004453,0.000046,0.002195,0.006759,70.906250,1.687500,4.609375,77.203125,30,45,33
45,10,cpp_adv,0.004086,0.000048,0.002034,0.006189,37.515625,1.718750,4.640625,43.875000,30,45,33
46,10,seq,4.169897,0.001212,0.000386,4.171495,249.904297,7.352539,5.678711,249.904297,30,1,0
46,10,par,1.873840,0.050027,0.033829,1.957696,251.076172,36.515625,32.393555,251.076172,30,1,0
46,10,weights,1.901410,0.046124,0.000780,1.948314,252.789062,37.230469,6.083008,252.789062,30,1,0
46,10,cpp_seq,0.016421,0.000090,0.000021,0.016543,83.421875,1.250000,0.000000,84.671875,30,1,0
46,10,cpp_par,0.007634,0.000043,0.000022,0.007734,81.531250,1.250000,0.000000,82.781250,30,1,0
46,10,cpp_adv,0.010030,0.000046,0.000022,0.010133,39.484375,1.250000,0.000000,40.734375,30,1,0
47,10,seq,1.456290,0.001452,0.001573,1.459315,201.961914,7.791016,13.528320,201.961914,20,20,1
47,10,par,0.693531,0.041526,0.358520,1.093577,225.627930,37.562500,41.610352,225.627930,20,20,1
47,10,weights,0.591993,0.059850,0.391194,1.043037,228.248047,39.456055,41.579102,228.248047,20,20,1
47,10,cpp_seq,0.007361,0.000078,0.000698,0.008150,63.000000,1.312500,0.750000,65.062500,20,20,1
47,10,cpp_par,0.004293,0.000042,0.000137,0.004490,68.359375,1.250000,0.687500,70.296875,20,20,1
47,10,cpp_adv,0.004001,0.000045,0.000137,0.004201,28.609375,1.250000,0.828125,30.687500,20,20,1
48,10,seq,1.348748,0.001461,1.163682,2.513891,215.292969,8.587891,511.578125,511.578125,40,80,1024
48,10,par,0.763131,0.046920,1.401022,2.211073,234.930664,40.242188,2202.810547,2202.810547,40,80,1024
48,10,weights,0.572255,0.050998,0.967849,1.591102,237.065430,39.509766,1297.434570,1297.434570,40,80,1024
48,10,cpp_seq,0.009742,0.000093,0.048556,0.058451,75.937500,1.968750,129.453125,207.359375,40,80,1024
48,10,cpp_par,0.007877,0.000063,0.048476,0.059928,70.250000,1.968750,128.390625,200.609375,40,80,1024
48,10,cpp_adv,0.004755,0.000059,0.047317,0.052196,41.812500,1.906250,128.359375,172.078125,40,80,1024
49,10,seq,0.891242,0.001633,1.249713,2.142588,150.733398,8.587891,525.914062,525.914062,40,80,1024
49,10,par,0.773534,0.061708,1.212072,2.047315,182.038086,40.958008,2414.306641,2414.306641,40,80,1024
49,10,weights,0.862156,0.066947,1.033646,1.962749,180.802734,39.820312,1256.382812,1256.382812,40,80,1024
49,10,cpp_seq,0.005917,0.000297,0.059215,0.065487,54.609375,1.750000,129.984375,186.343750,40,80,1024
49,10,cpp_par,0.006479,0.000054,0.048346,0.058875,57.734375,1.718750,128.515625,187.968750,40,80,1024
49,10,cpp_adv,0.006607,0.000057,0.049427,0.060132,36.578125,1.765625,128.531250,166.875000,40,80,1024
50,10,seq,1.187054,0.001360,0.000962,1.189376,229.880859,7.791016,8.184570,229.880859,20,10,1
50,10,par,0.706116,0.069997,0.414264,1.190378,243.422852,37.750000,40.883789,243.422852,20,10,1
50,10,weights,0.712675,0.079864,0.429285,1.221824,242.990234,38.039062,40.969727,242.990234,20,10,1
50,10,cpp_seq,0.011895,0.000074,0.000081,0.012061,78.750000,1.468750,0.468750,80.687500,20,10,1
50,10,cpp_par,0.004918,0.000041,0.000080,0.005058,68.187500,1.250000,0.609375,70.046875,20,10,1
50,10,cpp_adv,0.010260,0.000047,0.000084,0.010423,31.875000,1.250000,0.515625,33.640625,20,10,1
51,10,seq,1.466648,0.001659,0.002298,1.470605,226.169922,7.791016,6.137695,226.169922,20,10,0
51,10,par,0.700597,0.045458,0.037684,0.783739,240.381836,38.253906,32.471680,240.381836,20,10,0
51,10,weights,0.638206,0.054143,0.044868,0.737217,242.579102,38.306641,32.385742,242.579102,20,10,0
51,10,cpp_seq,0.010128,0.000111,0.000031,0.010283,67.625000,1.468750,0.250000,69.343750,20,10,0
51,10,cpp_par,0.004976,0.000044,0.000030,0.005083,70.062500,1.250000,0.312500,71.625000,20,10,0
51,10,cpp_adv,0.004717,0.000066,0.000030,0.004948,27.281250,1.250000,0.218750,28.750000,20,10,0
52,10,seq,0.684392,0.001629,1.281563,1.967584,143.346680,8.587891,535.921875,535.921875,40,80,1024
52,10,par,0.344673,0.053593,1.036197,1.434463,179.072266,41.125977,2419.636719,2419.636719,40,80,1024
52,10,weights,0.373110,0.048895,0.973635,1.395640,180.680664,40.311523,1259.500977,1259.500977,40,80,1024
52,10,cpp_seq,0.004576,0.000096,0.054053,0.058775,58.562500,1.750000,129.984375,190.296875,40,80,1024
52,10,cpp_par,0.015861,0.000061,0.092638,0.122298,53.625000,1.343750,128.765625,183.734375,40,80,1024
52,10,cpp_adv,0.002336,0.000054,0.056155,0.058637,32.234375,1.343750,128.562500,162.140625,40,80,1024
53,10,seq,0.780852,0.001230,0.000359,0.782441,200.412109,7.399414,5.678711,200.412109,20,2,0
53,10,par,0.425367,0.046571,0.040587,0.512525,231.569336,37.000000,31.463867,231.569336,20,2,0
53,10,weights,0.431136,0.060763,0.000717,0.492616,233.040039,38.101562,6.090820,233.040039,20,2,0
53,10,cpp_seq,0.005993,0.000070,0.000023,0.006096,65.562500,1.093750,0.140625,66.796875,20,2,0
53,10,cpp_par,0.002910,0.000040,0.000021,0.002997,66.984375,1.250000,0.062500,68.296875,20,2,0
53,10,cpp_adv,0.005852,0.000046,0.000027,0.005978,25.718750,1.250000,0.000000,26.968750,20,2,0
54,10,seq,1.805557,0.001327,0.000666,1.807550,230.493164,7.508789,5.879883,230.493164,20,4,0
54,10,par,0.819063,0.051973,0.039751,0.910787,241.945312,37.800781,32.307617,241.945312,20,4,0
54,10,weights,0.809305,0.051332,0.036912,0.897549,243.636719,38.070312,32.877930,243.636719,20,4,0
54,10,cpp_seq,0.015745,0.000075,0.000027,0.015861,86.796875,1.234375,0.296875,88.328125,20,4,0
54,10,cpp_par,0.007937,0.000041,0.000023,0.008030,80.609375,1.250000,0.062500,81.921875,20,4,0
54,10,cpp_adv,0.012351,0.000044,0.000027,0.012454,30.906250,1.250000,0.000000,32.156250,20,4,0
55,10,seq,0.968264,0.001409,0.000395,0.970068,200.416016,7.399414,5.678711,200.416016,20,2,0
55,10,par,0.486582,0.043527,0.040482,0.570590,227.060547,36.734375,32.893555,227.060547,20,2,0
55,10,weights,0.471189,0.055928,0.000763,0.527880,228.763672,38.105469,6.083008,228.763672,20,2,0
55,10,cpp_seq,0.003247,0.000075,0.000023,0.003355,48.578125,1.109375,0.078125,49.765625,20,2,0
55,10,cpp_par,0.002229,0.000042,0.000019,0.002318,48.421875,1.015625,0.000000,49.437500,20,2,0
55,10,cpp_adv,0.001699,0.000041,0.000019,0.001784,26.953125,1.250000,0.000000,28.203125,20,2,0
56,10,seq,3.034059,0.001357,0.001528,3.036944,280.367188,7.884766,13.528320,280.367188,20,20,1
56,10,par,1.265016,0.050693,0.367624,1.683333,234.249023,39.109375,42.500977,234.249023,20,20,1
56,10,weights,1.213277,0.045094,0.379391,1.637763,235.736328,39.186523,42.079102,235.736328,20,20,1
56,10,cpp_seq,0.024269,0.000078,0.000140,0.024517,87.406250,1.375000,0.750000,89.531250,20,20,1
56,10,cpp_par,0.015089,0.000046,0.000161,0.015316,91.281250,1.250000,0.718750,93.250000,20,20,1
56,10,cpp_adv,0.013772,0.000047,0.000142,0.013982,27.015625,1.250000,0.859375,29.125000,20,20,1
57,10,seq,0.937927,0.001311,0.000608,0.939846,211.021484,7.586914,6.129883,211.021484,20,6,0
57,10,par,0.543749,0.049293,0.070086,0.663128,238.394531,38.796875,37.227539,238.394531,20,6,0
57,10,weights,0.618227,0.048362,0.077932,0.744521,240.710938,38.207031,37.422852,240.710938,20,6,0
57,10,cpp_seq,0.007242,0.000073,0.000030,0.007356,65.796875,1.093750,0.453125,67.343750,20,6,0
57,10,cpp_par,0.004636,0.000044,0.000033,0.004742,64.109375,1.250000,0.312500,65.671875,20,6,0
57,10,cpp_adv,0.004010,0.000042,0.000030,0.004112,23.187500,1.250000,0.265625,24.703125,20,6,0
58,10,seq,1.065430,0.001598,0.009318,1.076347,156.968750,8.275391,33.445312,156.968750,30,40,2
58,10,par,0.353604,0.057500,0.387504,0.798608,188.789062,40.718750,55.485352,188.789062,30,40,2
58,10,weights,0.392915,0.055295,0.425916,0.874125,188.682617,40.886719,46.508789,188.682617,30,40,2
58,10,cpp_seq,0.004580,0.000141,0.000574,0.005306,47.765625,1.656250,1.375000,50.796875,30,40,2
58,10,cpp_par,0.008273,0.000054,0.000524,0.008881,55.984375,1.515625,0.984375,58.484375,30,40,2
58,10,cpp_adv,0.002262,0.000047,0.000539,0.002873,22.171875,1.562500,0.812500,24.546875,30,40,2
59,10,seq,1.016671,0.005385,0.000838,1.022894,206.637695,7.791016,7.958008,206.637695,20,18,0
59,10,par,0.487826,0.047310,0.113321,0.648457,229.346680,37.172852,40.250977,229.346680,20,18,0
59,10,weights,0.524278,0.039668,0.112949,0.676896,231.343750,37.670898,38.352539,231.343750,20,18,0
59,10,cpp_seq,0.011923,0.000110,0.000055,0.012099,76.046875,1.312500,0.625000,77.984375,20,18,0
59,10,cpp_par,0.005377,0.000043,0.000092,0.005544,71.921875,1.250000,0.593750,73.765625,20,18,0
59,10,cpp_adv,0.004997,0.000043,0.000050,0.005120,31.265625,1.250000,0.625000,33.140625,20,18,0
60,10,seq,0.938856,0.001297,0.001127,0.941280,204.631836,7.791016,10.301758,204.631836,20,18,0
60,10,par,0.611513,0.053604,0.262998,0.928116,227.408203,38.140625,40.297852,227.408203,20,18,0
60,10,weights,0.491887,0.052490,0.248524,0.792901,228.906250,38.813477,40.586914,228.906250,20,18,0
60,10,cpp_seq,0.009127,0.000079,0.000090,0.009305,68.015625,1.375000,0.640625,70.031250,20,18,0
60,10,cpp_par,0.004418,0.000043,0.000086,0.004576,71.218750,1.250000,0.687500,73.156250,20,18,0
60,10,cpp_adv,0.008605,0.000071,0.000091,0.008801,29.171875,1.250000,0.781250,31.203125,20,18,0
61,10,seq,2.703869,0.001329,0.000863,2.706061,250.946289,8.119141,8.153320,250.946289,20,17,0
61,10,par,1.114829,0.050829,0.221733,1.387391,238.380859,38.600586,40.454102,238.380859,20,17,0
61,10,weights,1.146801,0.060346,0.221521,1.428669,239.207031,38.875000,40.415039,239.207031,20,17,0
61,10,cpp_seq,0.021061,0.000099,0.000066,0.021238,78.015625,1.562500,0.656250,80.234375,20,17,0
61,10,cpp_par,0.008808,0.000047,0.000065,0.008952,77.109375,1.687500,0.578125,79.375000,20,17,0
61,10,cpp_adv,0.007424,0.000042,0.000061,0.007559,35.328125,1.687500,0.609375,37.625000,20,17,0
62,10,seq,1.020494,0.001341,0.000337,1.022172,202.672852,7.399414,5.678711,202.672852,20,2,0
62,10,par,0.504052,0.043075,0.043440,0.590567,231.687500,36.735352,32.245117,231.687500,20,2,0
62,10,weights,0.504885,0.047081,0.000776,0.552742,232.242188,37.007812,6.090820,232.242188,20,2,0
62,10,cpp_seq,0.008304,0.000074,0.000024,0.008414,69.593750,1.109375,0.062500,70.765625,20,2,0
62,10,cpp_par,0.003696,0.000043,0.000025,0.003818,63.265625,1.250000,0.062500,64.578125,20,2,0
62,10,cpp_adv,0.003113,0.000062,0.000024,0.003241,29.687500,0.953125,0.000000,30.640625,20,2,0
63,10,seq,1.102688,0.001467,0.086970,1.191125,160.159180,8.400391,106.023438,160.159180,30,48,97
63,10,par,0.495495,0.054031,0.485221,1.034747,191.697266,40.073242,259.271484,259.271484,30,48,97
63,10,weights,0.515423,0.059805,0.636741,1.211969,191.998047,40.045898,120.634766,191.998047,30,48,97
63,10,cpp_seq,0.034002,0.000089,0.004590,0.038699,77.296875,1.578125,13.468750,92.343750,30,48,97
63,10,cpp_par,0.008277,0.000051,0.005045,0.013713,77.750000,1.687500,12.656250,92.093750,30,48,97
63,10,cpp_adv,0.011755,0.000057,0.004555,0.016398,34.265625,1.468750,12.859375,48.593750,30,48,97
64,10,seq,1.437701,0.001495,0.004844,1.444040,148.396484,8.056641,34.168945,148.396484,30,33,1
64,10,par,0.520078,0.044196,0.402881,0.967156,182.662109,38.797852,44.321289,182.662109,30,33,1
64,10,weights,0.507987,0.050830,0.359557,0.918375,183.061523,39.275391,42.860352,183.061523,30,33,1
64,10,cpp_seq,0.006833,0.000091,0.000418,0.007356,55.640625,1.390625,0.906250,57.937500,30,33,1
64,10,cpp_par,0.005428,0.000153,0.000307,0.005912,59.546875,1.468750,0.750000,61.765625,30,33,1
64,10,cpp_adv,0.004857,0.000067,0.000303,0.005257,25.453125,1.468750,0.765625,27.687500,30,33,1
65,10,seq,0.962429,0.001364,0.002519,0.966312,205.282227,7.837891,13.528320,205.282227,20,20,1
65,10,par,0.481908,0.054361,0.434891,0.971160,225.174805,38.854492,41.782227,225.174805,20,20,1
65,10,weights,0.569482,0.055433,0.391716,1.016632,228.130859,37.775391,42.016602,228.130859,20,20,1
65,10,cpp_seq,0.006830,0.000079,0.000140,0.007083,66.984375,1.468750,0.703125,69.156250,20,20,1
65,10,cpp_par,0.007224,0.000048,0.000145,0.007465,66.437500,1.250000,0.765625,68.453125,20,20,1
65,10,cpp_adv,0.003485,0.000043,0.000187,0.003730,38.750000,1.250000,0.859375,40.859375,20,20,1
66,10,seq,1.159344,0.001639,0.001099,1.162083,214.419922,7.931641,8.833008,214.419922,20,13,1
66,10,par,0.565605,0.044095,0.435203,1.044903,229.489258,37.131836,40.680664,229.489258,20,13,1
66,10,weights,0.579556,0.051850,0.326959,0.958365,230.329102,38.897461,41.383789,230.329102,20,13,1
66,10,cpp_seq,0.011738,0.000075,0.000115,0.011938,80.484375,1.687500,0.468750,82.640625,20,13,1
66,10,cpp_par,0.005298,0.000041,0.000085,0.005442,72.296875,1.687500,0.500000,74.484375,20,13,1
66,10,cpp_adv,0.009832,0.000057,0.000088,0.009990,35.937500,1.687500,0.500000,38.125000,20,13,1
67,10,seq,1.056224,0.001517,1.205549,2.263291,152.698242,8.431641,511.828125,511.828125,40,80,1024
67,10,par,0.487317,0.042492,1.205134,1.734943,187.831055,38.554688,2271.088867,2271.088867,40,80,1024
67,10,weights,0.914433,0.053898,1.080266,2.048597,189.910156,40.382812,1242.643555,1242.643555,40,80,1024
67,10,cpp_seq,0.008659,0.000094,0.051786,0.060586,58.328125,1.718750,129.937500,189.984375,40,80,1024
67,10,cpp_par,0.007557,0.000053,0.048392,0.060103,64.265625,1.578125,128.546875,194.390625,40,80,1024
67,10,cpp_adv,0.003749,0.000050,0.049026,0.052904,36.296875,1.578125,128.562500,166.437500,40,80,1024
68,10,seq,2.772900,0.001317,0.001038,2.775255,279.022461,8.041016,9.231445,279.022461,20,15,1
68,10,par,1.150117,0.042346,0.359045,1.551507,239.456055,39.304688,40.868164,239.456055,20,15,1
68,10,weights,1.096193,0.049694,0.361454,1.507341,241.542969,37.914062,40.657227,241.542969,20,15,1
68,10,cpp_seq,0.025373,0.000096,0.000095,0.025577,80.625000,1.437500,0.640625,82.703125,20,15,1
68,10,cpp_par,0.014252,0.000045,0.000094,0.014409,87.671875,1.625000,0.593750,89.890625,20,15,1
68,10,cpp_adv,0.013759,0.000067,0.000095,0.013945,36.828125,1.625000,0.593750,39.046875,20,15,1
69,10,seq,1.096660,0.001780,1.318739,2.417180,210.266602,8.603516,527.257812,527.257812,40,80,1025
69,10,par,0.663807,0.053410,1.081209,1.798426,237.029297,41.000000,2408.668945,2408.668945,40,80,1025
69,10,weights,0.558126,0.060107,1.190910,1.809142,237.642578,39.777344,1245.725586,1245.725586,40,80,1025
69,10,cpp_seq,0.005187,0.000093,0.054759,0.060099,55.218750,2.109375,129.906250,187.234375,40,80,1025
69,10,cpp_par,0.005842,0.000714,0.049241,0.059563,54.140625,1.218750,128.828125,184.187500,40,80,1025
69,10,cpp_adv,0.002757,0.000075,0.051352,0.054244,36.843750,1.312500,128.609375,166.765625,40,80,1025
70,10,seq,2.089847,0.001285,0.000734,2.091866,238.990234,7.791016,7.958008,238.990234,20,18,0
70,10,par,0.929506,0.049343,0.120119,1.098968,237.089844,38.267578,39.383789,237.089844,20,18,0
70,10,weights,0.895025,0.044182,0.118798,1.058005,238.789062,37.313477,39.235352,238.789062,20,18,0
70,10,cpp_seq,0.011944,0.000074,0.000052,0.012148,78.218750,1.468750,0.531250,80.218750,20,18,0
70,10,cpp_par,0.008511,0.000043,0.000051,0.008636,80.984375,1.250000,0.609375,82.843750,20,18,0
70,10,cpp_adv,0.006453,0.000044,0.000053,0.006583,26.546875,1.250000,0.625000,28.421875,20,18,0
71,10,seq,0.910161,0.001380,0.001626,0.913168,202.124023,8.025391,13.528320,202.124023,20,20,1
71,10,par,0.449187,0.043950,0.345813,0.838950,221.905273,38.562500,40.485352,221.905273,20,20,1
71,10,weights,0.483594,0.048345,0.341249,0.873188,234.140625,41.097656,44.782227,234.140625,20,20,1
71,10,cpp_seq,0.006566,0.000100,0.000162,0.006838,60.312500,1.687500,0.609375,62.609375,20,20,1
71,10,cpp_par,0.003627,0.000043,0.000137,0.003816,70.406250,1.468750,0.640625,72.515625,20,20,1
71,10,cpp_adv,0.003185,0.000042,0.000133,0.003378,29.062500,1.468750,0.734375,31.265625,20,20,1
72,10,seq,1.148891,0.001387,0.002325,1.152603,217.749023,7.540039,6.325195,217.749023,20,5,0
72,10,par,0.580783,0.064297,0.110691,0.755772,237.378906,36.539062,39.243164,237.378906,20,5,0
72,10,weights,0.569266,0.053435,0.112483,0.735185,236.697266,38.423828,39.618164,236.697266,20,5,0
72,10,cpp_seq,0.010512,0.000112,0.000108,0.010745,71.093750,1.250000,0.343750,72.687500,20,5,0
72,10,cpp_par,0.003733,0.000046,0.000037,0.003849,69.875000,1.250000,0.312500,71.437500,20,5,0
72,10,cpp_adv,0.003515,0.000041,0.000034,0.003629,31.250000,1.250000,0.328125,32.828125,20,5,0
73,10,seq,0.839386,0.001541,0.001733,0.842659,206.088867,7.791016,13.528320,206.088867,20,20,1
73,10,par,0.491522,0.058657,0.391735,0.941914,231.359375,38.124023,42.329102,231.359375,20,20,1
73,10,weights,0.561882,0.077309,0.462095,1.101286,232.687500,38.552734,42.594727,232.687500,20,20,1
73,10,cpp_seq,0.010233,0.000083,0.000154,0.010482,61.218750,1.468750,0.671875,63.359375,20,20,1
73,10,cpp_par,0.003801,0.000046,0.000153,0.004019,63.203125,1.250000,0.765625,65.218750,20,20,1
73,10,cpp_adv,0.007947,0.000051,0.000159,0.008184,30.390625,1.250000,0.750000,32.390625,20,20,1
74,10,seq,2.186710,0.001343,0.000693,2.188746,242.166992,7.791016,6.528320,242.166992,20,10,0
74,10,par,1.139441,0.051927,0.103814,1.295181,239.405273,38.572266,38.750977,239.405273,20,10,0
74,10,weights,1.000531,0.093466,0.230098,1.324094,240.752930,38.895508,38.125977,240.752930,20,10,0
74,10,cpp_seq,0.033257,0.000079,0.000043,0.033394,79.812500,1.468750,0.312500,81.593750,20,10,0
74,10,cpp_par,0.014506,0.004286,0.000056,0.018916,74.140625,1.250000,0.375000,75.765625,20,10,0
74,10,cpp_adv,0.014169,0.000048,0.000043,0.014320,28.312500,1.250000,0.359375,29.921875,20,10,0
75,10,seq,0.615735,0.001539,0.074826,0.692100,136.776367,8.353516,93.070312,136.776367,30,45,62
75,10,par,0.441640,0.084223,0.923638,1.449501,173.235352,38.663086,186.404297,186.404297,30,45,62
75,10,weights,0.478619,0.055186,0.422935,0.956740,173.356445,38.750977,78.337891,173.356445,30,45,62
75,10,cpp_seq,0.007049,0.000095,0.003118,0.010277,59.750000,1.546875,8.671875,69.968750,30,45,62
75,10,cpp_par,0.002877,0.000047,0.002958,0.005970,59.906250,1.250000,8.437500,69.593750,30,45,62
75,10,cpp_adv,0.002560,0.000067,0.002873,0.005587,28.546875,1.140625,8.421875,38.109375,30,45,62
76,10,seq,1.002991,0.001372,0.284241,1.288604,197.945312,8.166016,208.164062,208.164062,30,54,432
76,10,par,0.514754,0.045203,0.554634,1.114591,224.744141,38.406250,718.356445,718.356445,30,54,432
76,10,weights,0.585545,0.057220,0.542706,1.185471,226.674805,39.968750,368.567383,368.567383,30,54,432
76,10,cpp_seq,0.004471,0.000095,0.015102,0.019688,56.296875,1.609375,54.781250,112.687500,30,54,432
76,10,cpp_par,0.003459,0.000050,0.013739,0.018709,52.703125,1.062500,54.812500,108.578125,30,54,432
76,10,cpp_adv,0.002037,0.000047,0.014637,0.016755,29.046875,1.000000,54.718750,84.765625,30,54,432
77,10,seq,1.499287,0.001711,17.184647,18.685645,169.098633,9.010742,4486.375000,4486.375000,50,126,10528
77,10,par,0.877400,0.048171,7.507033,8.432603,193.573242,41.718750,20255.630859,20255.630859,50,126,10528
77,10,weights,0.878541,0.075829,8.360347,9.314717,194.057617,41.851562,13698.139648,13698.139648,50,126,10528
77,10,cpp_seq,0.018442,0.000100,0.535676,0.554411,93.281250,2.218750,1318.375000,1413.875000,50,126,10528
77,10,cpp_par,0.011376,0.000062,0.662102,0.673949,88.625000,1.937500,1316.203125,1406.765625,50,126,10528
77,10,cpp_adv,0.009095,0.000058,0.516463,0.526332,47.531250,1.859375,1316.390625,1365.781250,50,126,10528
78,10,seq,0.889907,0.001813,13.587172,14.478891,152.318359,8.979492,3298.882812,3298.882812,50,124,8064
78,10,par,0.645993,0.059400,6.911865,7.617258,192.326172,47.871094,14125.927734,14125.927734,50,124,8064
78,10,weights,0.521368,0.056930,6.647035,7.225333,186.416992,42.445312,9454.891602,9454.891602,50,124,8064
78,10,cpp_seq,0.006019,0.000736,0.383634,0.390477,63.812500,2.312500,1009.312500,1075.437500,50,124,8064
78,10,cpp_par,0.003437,0.000059,0.377956,0.381770,62.765625,1.734375,1008.406250,1072.906250,50,124,8064
78,10,cpp_adv,0.002960,0.000060,0.388538,0.391622,36.781250,1.750000,1008.406250,1046.937500,50,124,8064
79,10,seq,1.377275,0.006419,1.516792,2.900486,208.717773,8.587891,534.968750,534.968750,40,80,1024
79,10,par,1.081100,0.088600,1.277388,2.447087,235.695312,42.335938,2417.472656,2417.472656,40,80,1024
79,10,weights,0.700706,0.060131,1.518883,2.279720,235.935547,38.925781,1267.410156,1267.410156,40,80,1024
79,10,cpp_seq,0.009466,0.000099,0.064042,0.073701,58.125000,1.796875,129.593750,189.515625,40,80,1024
79,10,cpp_par,0.006651,0.000052,0.060792,0.071450,60.125000,1.296875,128.750000,190.171875,40,80,1024
79,10,cpp_adv,0.006183,0.000063,0.071402,0.081885,29.265625,1.265625,128.765625,159.296875,40,80,1024
80,10,seq,1.645933,0.001368,0.001706,1.649007,201.482422,7.947266,13.528320,201.482422,20,20,1
80,10,par,0.873605,0.056435,0.444983,1.375023,225.327148,38.031250,41.766602,225.327148,20,20,1
80,10,weights,0.902437,0.062874,0.459174,1.424485,231.540039,40.891602,44.594727,231.540039,20,20,1
80,10,cpp_seq,0.015912,0.000080,0.000140,0.016142,65.343750,1.687500,0.562500,67.593750,20,20,1
80,10,cpp_par,0.007318,0.000047,0.000141,0.007526,48.328125,1.687500,0.562500,50.578125,20,20,1
80,10,cpp_adv,0.003130,0.000045,0.000138,0.003332,39.593750,1.468750,0.859375,41.921875,20,20,1
81,10,seq,1.440823,0.001471,0.001976,1.444270,207.605469,7.994141,15.161133,207.605469,30,24,1
81,10,par,0.690310,0.058557,0.484173,1.233040,237.270508,38.367188,42.235352,237.270508,30,24,1
81,10,weights,0.677253,0.067657,0.425268,1.170178,238.748047,39.183594,42.368164,238.748047,30,24,1
81,10,cpp_seq,0.007693,0.000080,0.000149,0.007932,76.125000,1.406250,0.796875,78.328125,30,24,1
81,10,cpp_par,0.004269,0.000048,0.000151,0.004494,73.593750,1.718750,0.562500,75.875000,30,24,1
81,10,cpp_adv,0.010169,0.000268,0.000154,0.010635,31.828125,1.500000,0.843750,34.171875,30,24,1
82,10,seq,1.085066,0.001601,1.358163,2.444830,151.846680,8.525391,524.679688,524.679688,40,80,1024
82,10,par,1.219365,0.069874,1.299088,2.588327,187.083008,40.312500,2411.911133,2411.911133,40,80,1024
82,10,weights,0.960047,0.070880,1.220266,2.251193,189.764648,38.976562,1224.793945,1224.793945,40,80,1024
82,10,cpp_seq,0.008610,0.000170,0.054996,0.063844,55.203125,1.718750,129.593750,186.515625,40,80,1024
82,10,cpp_par,0.007864,0.000055,0.070721,0.082666,59.437500,1.671875,128.468750,189.578125,40,80,1024
82,10,cpp_adv,0.013243,0.000062,0.120029,0.133424,31.656250,1.812500,128.500000,161.968750,40,80,1024
83,10,seq,1.311660,0.001627,1.472712,2.786000,209.178711,8.587891,526.484375,526.484375,40,80,1024
83,10,par,0.840745,0.053583,1.881171,2.775498,236.081055,39.187500,2109.619141,2109.619141,40,80,1024
83,10,weights,1.287450,0.053465,1.514409,2.855324,236.210938,38.839844,1486.169922,1486.169922,40,80,1024
83,10,cpp_seq,0.011724,0.000098,0.055556,0.067425,83.281250,1.750000,129.593750,214.625000,40,80,1024
83,10,cpp_par,0.007832,0.000053,0.055404,0.066731,81.406250,1.468750,128.375000,211.250000,40,80,1024
83,10,cpp_adv,0.015170,0.000065,0.116991,0.132305,40.500000,1.515625,128.359375,170.375000,40,80,1024
84,10,seq,1.322956,0.001814,0.086280,1.411050,207.769531,8.400391,117.078125,207.769531,30,48,99
84,10,par,0.750327,0.061033,0.516872,1.328231,230.771484,39.960938,152.865234,230.771484,30,48,99
84,10,weights,0.965859,0.058375,0.490861,1.515095,231.944336,40.738281,114.126953,231.944336,30,48,99
84,10,cpp_seq,0.012717,0.000084,0.004729,0.017543,69.312500,1.796875,13.093750,84.203125,30,48,99
84,10,cpp_par,0.005746,0.000050,0.004919,0.010952,64.859375,1.687500,12.890625,79.437500,30,48,99
84,10,cpp_adv,0.005194,0.000048,0.005285,0.010553,37.296875,1.468750,13.062500,51.828125,30,48,99
85,10,seq,0.886108,0.001483,0.296905,1.184496,181.773438,8.166016,215.734375,215.734375,30,54,432
85,10,par,0.743353,0.054327,0.705846,1.503525,199.895508,38.656250,607.357422,607.357422,30,54,432
85,10,weights,0.518310,0.062140,0.967533,1.547983,197.141602,39.414062,395.900391,395.900391,30,54,432
85,10,cpp_seq,0.017184,0.000093,0.017525,0.034825,68.218750,1.687500,55.468750,125.375000,30,54,432
85,10,cpp_par,0.008477,0.000050,0.016541,0.026606,79.250000,1.250000,54.640625,135.140625,30,54,432
85,10,cpp_adv,0.009188,0.000055,0.020150,0.029440,34.328125,1.390625,54.562500,90.281250,30,54,432
86,10,seq,1.696016,0.001438,0.001743,1.699197,203.091797,7.884766,13.528320,203.091797,20,20,1
86,10,par,1.035127,0.096225,0.805137,1.936490,225.244141,38.718750,41.313477,225.244141,20,20,1
86,10,weights,0.891528,0.058283,0.509962,1.459774,227.176758,37.902344,41.555664,227.176758,20,20,1
86,10,cpp_seq,0.009090,0.000075,0.000197,0.009372,73.484375,1.468750,0.734375,75.687500,20,20,1
86,10,cpp_par,0.004956,0.000045,0.000266,0.005287,75.453125,1.468750,0.562500,77.484375,20,20,1
86,10,cpp_adv,0.009290,0.000050,0.000141,0.009505,31.031250,1.468750,0.625000,33.125000,20,20,1
87,10,seq,2.123229,0.004187,0.001690,2.129106,223.565430,7.791016,13.528320,223.565430,20,20,1
87,10,par,0.666900,0.057061,0.473605,1.197566,235.085938,38.986328,41.961914,235.085938,20,20,1
87,10,weights,0.765131,0.070866,0.563925,1.399922,236.591797,37.512695,41.368164,236.591797,20,20,1
87,10,cpp_seq,0.007452,0.000078,0.000142,0.007704,62.921875,1.312500,0.750000,64.984375,20,20,1
87,10,cpp_par,0.006463,0.000044,0.000141,0.006669,73.500000,1.250000,0.734375,75.484375,20,20,1
87,10,cpp_adv,0.004010,0.000117,0.000144,0.004293,25.296875,1.250000,0.781250,27.328125,20,20,1
88,10,seq,4.132976,0.001631,0.145102,4.279710,255.413086,8.431641,135.765625,255.413086,30,50,164
88,10,par,2.619064,0.080977,1.103438,3.803478,241.607422,38.293945,237.052734,241.607422,30,50,164
88,10,weights,2.732023,0.078804,0.737058,3.547885,244.273438,39.414062,162.443359,244.273438,30,50,164
88,10,cpp_seq,0.023697,0.000402,0.007794,0.031908,76.406250,1.718750,22.500000,100.625000,30,50,164
88,10,cpp_par,0.013164,0.000053,0.007329,0.021085,79.125000,1.859375,20.968750,101.953125,30,50,164
88,10,cpp_adv,0.012957,0.000053,0.007155,0.020195,40.562500,1.906250,20.984375,63.453125,30,50,164
89,10,seq,2.085914,0.005603,0.007175,2.098691,228.632812,7.931641,13.528320,228.632812,20,20,1
89,10,par,1.759949,0.057784,0.359431,2.177164,241.276367,41.071289,44.430664,241.276367,20,20,1
89,10,weights,0.735597,0.061973,0.417375,1.214946,235.369141,38.154297,42.274414,235.369141,20,20,1
89,10,cpp_seq,0.017160,0.000080,0.000142,0.017393,79.734375,1.468750,0.765625,81.968750,20,20,1
89,10,cpp_par,0.005631,0.000046,0.000141,0.005836,70.187500,1.468750,0.578125,72.234375,20,20,1
89,10,cpp_adv,0.006762,0.000048,0.000141,0.006971,34.281250,1.468750,0.625000,36.375000,20,20,1
90,10,seq,3.073522,0.001610,1.198767,4.273899,216.070312,10.283203,529.085938,529.085938,40,80,1024
90,10,par,0.669054,0.051496,1.124021,1.844571,242.641602,39.750000,2397.210938,2397.210938,40,80,1024
90,10,weights,0.820972,0.125628,1.589380,2.535980,245.788086,40.843750,1572.295898,1572.295898,40,80,1024
90,10,cpp_seq,0.010232,0.000095,0.067263,0.077648,75.296875,1.953125,129.781250,207.031250,40,80,1024
90,10,cpp_par,0.008910,0.000053,0.061027,0.074364,81.187500,1.437500,128.515625,211.140625,40,80,1024
90,10,cpp_adv,0.004799,0.000076,0.051490,0.056471,39.796875,1.109375,128.687500,169.593750,40,80,1024
91,10,seq,2.704609,0.001525,0.127399,2.833532,247.513672,8.212891,118.053711,247.513672,30,48,120
91,10,par,1.291141,0.045459,0.462756,1.799355,232.207031,39.992188,146.091797,232.207031,30,48,120
91,10,weights,1.071934,0.043842,0.463756,1.579531,235.566406,38.945312,110.986328,235.566406,30,48,120
91,10,cpp_seq,0.024529,0.000086,0.006123,0.030751,89.875000,1.609375,16.546875,108.031250,30,48,120
91,10,cpp_par,0.011853,0.000047,0.004810,0.016857,90.953125,1.375000,15.546875,107.875000,30,48,120
91,10,cpp_adv,0.010946,0.000067,0.004753,0.015785,50.000000,1.312500,15.593750,66.906250,30,48,120
92,10,seq,3.142763,0.001261,0.000339,3.144362,248.565430,7.399414,5.678711,248.565430,20,2,0
92,10,par,1.473102,0.049398,0.043191,1.565691,241.446289,38.085938,32.120117,241.446289,20,2,0
92,10,weights,1.357574,0.064019,0.000837,1.422430,241.793945,37.835938,6.090820,241.793945,20,2,0
92,10,cpp_seq,0.021902,0.000206,0.000028,0.022148,76.734375,1.171875,0.062500,77.968750,20,2,0
92,10,cpp_par,0.008169,0.000040,0.000022,0.008260,81.031250,1.250000,0.062500,82.343750,20,2,0
92,10,cpp_adv,0.008707,0.000043,0.000024,0.008818,35.421875,1.250000,0.000000,36.671875,20,2,0
93,10,seq,3.226336,0.001543,0.060373,3.288252,247.329102,8.337891,86.625000,247.329102,30,44,41
93,10,par,1.312607,0.055820,0.528808,1.897236,239.989258,39.476562,85.638672,239.989258,30,44,41
93,10,weights,1.155159,0.047082,0.452703,1.654943,241.733398,38.847656,69.513672,241.733398,30,44,41
93,10,cpp_seq,0.021488,0.000088,0.002760,0.024348,84.187500,1.687500,5.781250,91.656250,30,44,41
93,10,cpp_par,0.010212,0.000052,0.002804,0.013129,87.421875,1.687500,5.625000,94.734375,30,44,41
93,10,cpp_adv,0.010884,0.000050,0.002844,0.013801,44.953125,1.468750,5.796875,52.218750,30,44,41
94,10,seq,1.552984,0.001580,15.967670,17.522234,163.475586,9.041992,4416.968750,4416.968750,50,126,10336
94,10,par,0.543842,0.050317,7.216865,7.811024,196.341797,42.493164,20074.708984,20074.708984,50,126,10336
94,10,weights,0.614311,0.068992,7.692767,8.376070,195.632812,40.230469,13737.488281,13737.488281,50,126,10336
94,10,cpp_seq,0.008656,0.000102,0.476295,0.485108,70.187500,2.359375,1294.312500,1366.859375,50,126,10336
94,10,cpp_par,0.004779,0.000055,0.483277,0.488392,64.765625,2.500000,1292.203125,1359.468750,50,126,10336
94,10,cpp_adv,0.004515,0.000062,0.475952,0.480814,38.328125,2.500000,1292.312500,1333.140625,50,126,10336
95,10,seq,0.967427,0.001723,18.999160,19.968310,191.783203,9.026367,5208.898438,5208.898438,50,127,12229
95,10,par,0.474308,0.050939,9.762291,10.287539,215.878906,42.492188,23050.729492,23050.729492,50,127,12229
95,10,weights,0.553622,0.066947,7.879256,8.499825,213.016602,42.170898,16292.651367,16292.651367,50,127,12229
95,10,cpp_seq,0.009796,0.000107,0.591487,0.601661,90.000000,2.500000,1530.734375,1623.234375,50,127,12229
95,10,cpp_par,0.006260,0.000057,0.563208,0.570261,83.968750,2.312500,1528.859375,1615.140625,50,127,12229
95,10,cpp_adv,0.004721,0.000055,0.570478,0.575746,40.906250,2.484375,1528.937500,1572.328125,50,127,12229
96,10,seq,0.836949,0.001449,0.111836,0.950234,195.268555,8.431641,132.476562,195.268555,30,50,146
96,10,par,0.404697,0.048794,0.486070,0.939561,216.496094,38.414062,241.943359,241.943359,30,50,146
96,10,weights,0.513252,0.050882,0.488931,1.053065,217.476562,40.390625,128.029297,217.476562,30,50,146
96,10,cpp_seq,0.011056,0.000086,0.006391,0.017547,62.703125,1.656250,19.812500,84.171875,30,50,146
96,10,cpp_par,0.004927,0.000045,0.006064,0.011238,67.609375,1.906250,18.671875,88.187500,30,50,146
96,10,cpp_adv,0.004381,0.000045,0.005948,0.010391,37.687500,1.906250,18.734375,58.328125,30,50,146
97,10,seq,1.232067,0.001551,4.386504,5.620122,197.865234,8.791016,1717.453125,1717.453125,40,92,4509
97,10,par,0.665902,0.110564,2.488294,3.264760,208.466797,41.125977,7841.356445,7841.356445,40,92,4509
97,10,weights,0.464533,0.053668,2.304070,2.822271,202.934570,41.132812,4927.651367,4927.651367,40,92,4509
97,10,cpp_seq,0.011314,0.000099,0.205435,0.216885,56.375000,2.281250,565.218750,623.875000,40,92,4509
97,10,cpp_par,0.004898,0.000054,0.164345,0.169491,65.937500,1.687500,564.281250,631.906250,40,92,4509
97,10,cpp_adv,0.005168,0.000057,0.173978,0.179344,33.218750,1.625000,564.312500,599.156250,40,92,4509
98,10,seq,1.145540,0.002031,0.000364,1.147936,199.111328,7.446289,5.678711,199.111328,20,3,0
98,10,par,0.626336,0.065766,0.064211,0.756313,230.448242,36.523438,31.862305,230.448242,20,3,0
98,10,weights,0.549818,0.072629,0.000746,0.623193,232.194336,37.617188,6.083008,232.194336,20,3,0
98,10,cpp_seq,0.005794,0.000146,0.000025,0.005979,66.421875,1.093750,0.078125,67.593750,20,3,0
98,10,cpp_par,0.002921,0.000044,0.000021,0.003017,68.031250,1.250000,0.000000,69.281250,20,3,0
98,10,cpp_adv,0.002377,0.000076,0.000022,0.002522,26.343750,0.937500,0.000000,27.281250,20,3,0
99,10,seq,1.369939,0.001423,0.660691,2.032054,204.405273,8.150391,290.242188,290.242188,30,56,576
99,10,par,0.700649,0.041898,0.653899,1.396446,226.135742,38.824219,1198.044922,1198.044922,30,56,576
99,10,weights,0.522458,0.045640,0.645210,1.213309,227.394531,38.476562,583.798828,583.798828,30,56,576
99,10,cpp_seq,0.016872,0.000089,0.025074,0.042062,78.171875,1.671875,73.875000,153.718750,30,56,576
99,10,cpp_par,0.005788,0.000048,0.021090,0.028581,72.968750,1.500000,72.515625,146.984375,30,56,576
99,10,cpp_adv,0.003933,0.000057,0.021408,0.025439,58.062500,1.453125,72.468750,131.984375,30,56,576
100,10,seq,1.163839,0.001459,0.001588,1.166886,225.445312,7.791016,13.528320,225.445312,30,20,1
100,10,par,0.624333,0.075328,0.346135,1.045796,243.049805,38.710938,41.321289,243.049805,30,20,1
100,10,weights,0.539436,0.048276,0.377791,0.965503,243.928711,39.562500,42.032227,243.928711,30,20,1
100,10,cpp_seq,0.015257,0.000081,0.000141,0.015489,72.843750,1.468750,0.671875,74.984375,30,20,1
100,10,cpp_par,0.019943,0.003985,0.000537,0.024501,81.078125,1.250000,0.734375,83.062500,30,20,1
100,10,cpp_adv,0.012071,0.002603,0.000158,0.014863,35.156250,1.250000,0.828125,37.234375,30,20,1
